,username,uuid,url,initial_setup,time_class,time_control,end_time,white_username,black_username,Result,StartTime,UTCDate,white_user_class,black_user_class
293,AGcuber19,1c7aac31-78a2-11ed-a76d-78ac4409ff3c,https://www.chess.com/game/live/64426268279,rnbqkbnr/pppppppp/8/8/8/8/PPPPPPPP/RNBQKBNR w KQkq - 0 1,rapid,900+10,16:22:40,agcuber19,emmaxli,1/2-1/2,15:48:34,2022.12.10,BO,BO
359,AGcuber19,e52d54c7-8ea3-11ed-b9f6-78ac4409ff3c,https://www.chess.com/game/live/66846065107,rnbqkbnr/pppppppp/8/8/8/8/PPPPPPPP/RNBQKBNR w KQkq - 0 1,rapid,900+10,16:00:06,burleywalrus,agcuber19,0-1,15:56:53,2023.01.07,BO,BO
370,AGcuber19,4ee32a75-9423-11ed-90fb-78ac4409ff3c,https://www.chess.com/game/live/67450446559,rnbqkbnr/pppppppp/8/8/8/8/PPPPPPPP/RNBQKBNR w KQkq - 0 1,rapid,900+10,16:09:20,agcuber19,tlpawn,1-0,15:51:23,2023.01.14,BO,BO
382,AGcuber19,49a44f55-9f23-11ed-ab9a-78ac4409ff3c,https://www.chess.com/game/live/68660035307,rnbqkbnr/pppppppp/8/8/8/8/PPPPPPPP/RNBQKBNR w KQkq - 0 1,rapid,900+10,15:55:35,agcuber19,xiaoanwu,1-0,15:49:01,2023.01.28,BO,BO
463,AGcuber19,469eb039-a4a4-11ed-8eba-78ac4409ff3c,https://www.chess.com/game/live/69264994105,rnbqkbnr/pppppppp/8/8/8/8/PPPPPPPP/RNBQKBNR w KQkq - 0 1,rapid,900+10,16:06:37,emmaxli,agcuber19,0-1,16:05:15,2023.02.04,BO,BO
477,AGcuber19,15b9b50a-aa24-11ed-880b-78ac4409ff3c,https://www.chess.com/game/live/69869767975,rnbqkbnr/pppppppp/8/8/8/8/PPPPPPPP/RNBQKBNR w KQkq - 0 1,rapid,900+10,20:47:33,akfunchess66,agcuber19,1-0,20:29:57,2023.02.12,BO,BO
481,AGcuber19,42d8e91e-ab23-11ed-880b-78ac4409ff3c,https://www.chess.com/game/live/69979430707,rnbqkbnr/pppppppp/8/8/8/8/PPPPPPPP/RNBQKBNR w KQkq - 0 1,rapid,1200,22:36:11,agcuber19,burleywalrus,1-0,22:26:39,2023.02.12,BO,BO
487,AGcuber19,4c8f4b8b-afa4-11ed-ba01-78ac4409ff3c,https://www.chess.com/game/live/70474565005,rnbqkbnr/pppppppp/8/8/8/8/PPPPPPPP/RNBQKBNR w KQkq - 0 1,rapid,900+10,16:34:29,marsboom,agcuber19,0-1,16:31:59,2023.02.18,BO,BO
495,AGcuber19,decc3132-b523-11ed-91f5-78ac4409ff3c,https://www.chess.com/game/live/71079255539,rnbqkbnr/pppppppp/8/8/8/8/PPPPPPPP/RNBQKBNR w KQkq - 0 1,rapid,900+10,20:53:20,agcuber19,claraqiu,1-0,20:44:46,2023.02.26,BO,BO
517,TLPAWN,3a71f1a5-8ea4-11ed-b9f6-78ac4409ff3c,https://www.chess.com/game/live/66846130489,rnbqkbnr/pppppppp/8/8/8/8/PPPPPPPP/RNBQKBNR w KQkq - 0 1,rapid,900+10,16:14:55,tlpawn,zora_zhu,1-0,15:59:13,2023.01.07,BO,BO
528,TLPAWN,4ee32a75-9423-11ed-90fb-78ac4409ff3c,https://www.chess.com/game/live/67450446559,rnbqkbnr/pppppppp/8/8/8/8/PPPPPPPP/RNBQKBNR w KQkq - 0 1,rapid,900+10,16:09:20,agcuber19,tlpawn,1-0,15:51:23,2023.01.14,BO,BO
605,TLPAWN,3a4c8b49-9f23-11ed-ab9a-78ac4409ff3c,https://www.chess.com/game/live/68660020589,rnbqkbnr/pppppppp/8/8/8/8/PPPPPPPP/RNBQKBNR w KQkq - 0 1,rapid,600+5,15:52:15,tlpawn,burleywalrus,1-0,15:49:01,2023.01.28,BO,BO
626,TLPAWN,0282d0ef-a4a5-11ed-8eba-78ac4409ff3c,https://www.chess.com/game/live/69265564609,rnbqkbnr/pppppppp/8/8/8/8/PPPPPPPP/RNBQKBNR w KQkq - 0 1,rapid,900+10,16:32:19,xiaoanwu,tlpawn,0-1,16:00:21,2023.02.04,BO,BO
627,TLPAWN,58177497-aa24-11ed-880b-78ac4409ff3c,https://www.chess.com/game/live/69869833997,rnbqkbnr/pppppppp/8/8/8/8/PPPPPPPP/RNBQKBNR w KQkq - 0 1,rapid,900+10,16:21:56,tlpawn,emmaxli,0-1,15:55:06,2023.02.11,BO,BO
633,TLPAWN,0a2ef460-afa4-11ed-ba01-78ac4409ff3c,https://www.chess.com/game/live/70474496325,rnbqkbnr/pppppppp/8/8/8/8/PPPPPPPP/RNBQKBNR w KQkq - 0 1,rapid,900+10,16:19:38,akfunchess66,tlpawn,0-1,15:51:20,2023.02.18,BO,BO
641,TLPAWN,00cc6a52-b524-11ed-91f5-78ac4409ff3c,https://www.chess.com/game/live/71079289769,rnbqkbnr/pppppppp/8/8/8/8/PPPPPPPP/RNBQKBNR w KQkq - 0 1,rapid,900+10,16:21:04,tlpawn,marsboom,0-1,15:49:42,2023.02.25,BO,BO
647,xiaoanwu,60fba4ff-7322-11ed-a69d-78ac4409ff3c,https://www.chess.com/game/live/63821519531,rnbqkbnr/pppppppp/8/8/8/8/PPPPPPPP/RNBQKBNR w KQkq - 0 1,rapid,900+10,16:23:16,xiaoanwu,emmaxli,1/2-1/2,15:51:42,2022.12.03,BO,BO
651,xiaoanwu,ff837019-920c-11ed-b9f6-78ac4409ff3c,https://www.chess.com/game/live/67221026987,rnbqkbnr/pppppppp/8/8/8/8/PPPPPPPP/RNBQKBNR w KQkq - 0 1,rapid,900+10,00:17:32,ravenclawfairy,xiaoanwu,1-0,00:06:51,2023.01.12,BO,BO
652,xiaoanwu,05d0dcd6-95fa-11ed-90fb-78ac4409ff3c,https://www.chess.com/game/live/67652562201,rnbqkbnr/pppppppp/8/8/8/8/PPPPPPPP/RNBQKBNR w KQkq - 0 1,rapid,900+10,00:28:13,zora_zhu,xiaoanwu,0-1,00:00:58,2023.01.17,BO,BO
653,xiaoanwu,49a44f55-9f23-11ed-ab9a-78ac4409ff3c,https://www.chess.com/game/live/68660035307,rnbqkbnr/pppppppp/8/8/8/8/PPPPPPPP/RNBQKBNR w KQkq - 0 1,rapid,900+10,15:55:35,agcuber19,xiaoanwu,1-0,15:49:01,2023.01.28,BO,BO
654,xiaoanwu,0282d0ef-a4a5-11ed-8eba-78ac4409ff3c,https://www.chess.com/game/live/69265564609,rnbqkbnr/pppppppp/8/8/8/8/PPPPPPPP/RNBQKBNR w KQkq - 0 1,rapid,900+10,16:32:19,xiaoanwu,tlpawn,0-1,16:00:21,2023.02.04,BO,BO
655,xiaoanwu,4b7a3d16-aa24-11ed-880b-78ac4409ff3c,https://www.chess.com/game/live/69869821601,rnbqkbnr/pppppppp/8/8/8/8/PPPPPPPP/RNBQKBNR w KQkq - 0 1,rapid,900+10,16:06:25,xiaoanwu,burleywalrus,0-1,15:53:58,2023.02.11,BO,BO
656,xiaoanwu,01ae59bd-b0a1-11ed-ba01-78ac4409ff3c,https://www.chess.com/game/live/70583089423,rnbqkbnr/pppppppp/8/8/8/8/PPPPPPPP/RNBQKBNR w KQkq - 0 1,rapid,900+10,22:10:36,emmaxli,xiaoanwu,1-0,22:01:53,2023.02.19,BO,BO
657,xiaoanwu,f3c218a6-b523-11ed-91f5-78ac4409ff3c,https://www.chess.com/game/live/71079276717,rnbqkbnr/pppppppp/8/8/8/8/PPPPPPPP/RNBQKBNR w KQkq - 0 1,rapid,900+10,16:09:11,xiaoanwu,akfunchess66,0-1,15:49:21,2023.02.25,BO,BO
658,EmmaXLi,60fba4ff-7322-11ed-a69d-78ac4409ff3c,https://www.chess.com/game/live/63821519531,rnbqkbnr/pppppppp/8/8/8/8/PPPPPPPP/RNBQKBNR w KQkq - 0 1,rapid,900+10,16:23:16,xiaoanwu,emmaxli,1/2-1/2,15:51:42,2022.12.03,BO,BO
661,EmmaXLi,1c7aac31-78a2-11ed-a76d-78ac4409ff3c,https://www.chess.com/game/live/64426268279,rnbqkbnr/pppppppp/8/8/8/8/PPPPPPPP/RNBQKBNR w KQkq - 0 1,rapid,900+10,16:22:40,agcuber19,emmaxli,1/2-1/2,15:48:34,2022.12.10,BO,BO
668,EmmaXLi,dbb52a9b-8ea3-11ed-b9f6-78ac4409ff3c,https://www.chess.com/game/live/66846057939,rnbqkbnr/pppppppp/8/8/8/8/PPPPPPPP/RNBQKBNR w KQkq - 0 1,rapid,900+10,16:25:15,claraqiu,emmaxli,0-1,15:56:36,2023.01.07,BO,BO
670,EmmaXLi,73eafee0-9423-11ed-90fb-78ac4409ff3c,https://www.chess.com/game/live/67450477731,rnbqkbnr/pppppppp/8/8/8/8/PPPPPPPP/RNBQKBNR w KQkq - 0 1,rapid,900+10,16:07:30,emmaxli,ravenclawfairy,1-0,15:52:38,2023.01.14,BO,BO
673,EmmaXLi,b2109240-9f25-11ed-ab9a-78ac4409ff3c,https://www.chess.com/game/live/68661143125,rnbqkbnr/pppppppp/8/8/8/8/PPPPPPPP/RNBQKBNR w KQkq - 0 1,rapid,900+10,16:36:43,emmaxli,zora_zhu,1-0,16:06:17,2023.01.28,BO,BO
678,EmmaXLi,469eb039-a4a4-11ed-8eba-78ac4409ff3c,https://www.chess.com/game/live/69264994105,rnbqkbnr/pppppppp/8/8/8/8/PPPPPPPP/RNBQKBNR w KQkq - 0 1,rapid,900+10,16:03:59,emmaxli,agcuber19,1-0,15:55:33,2023.02.04,BO,BO
679,EmmaXLi,58177497-aa24-11ed-880b-78ac4409ff3c,https://www.chess.com/game/live/69869833997,rnbqkbnr/pppppppp/8/8/8/8/PPPPPPPP/RNBQKBNR w KQkq - 0 1,rapid,900+10,16:21:56,tlpawn,emmaxli,0-1,15:55:06,2023.02.11,BO,BO
683,EmmaXLi,01ae59bd-b0a1-11ed-ba01-78ac4409ff3c,https://www.chess.com/game/live/70583089423,rnbqkbnr/pppppppp/8/8/8/8/PPPPPPPP/RNBQKBNR w KQkq - 0 1,rapid,900+10,22:10:36,emmaxli,xiaoanwu,1-0,22:01:53,2023.02.19,BO,BO
684,EmmaXLi,0ca874aa-b524-11ed-91f5-78ac4409ff3c,https://www.chess.com/game/live/71079301573,rnbqkbnr/pppppppp/8/8/8/8/PPPPPPPP/RNBQKBNR w KQkq - 0 1,rapid,900+10,15:58:41,burleywalrus,emmaxli,1-0,15:50:01,2023.02.25,BO,BO
701,akfunchess66,b32b0e19-8ea3-11ed-b9f6-78ac4409ff3c,https://www.chess.com/game/live/66846027229,rnbqkbnr/pppppppp/8/8/8/8/PPPPPPPP/RNBQKBNR w KQkq - 0 1,rapid,900+10,16:21:07,akfunchess66,marsboom,1-0,15:55:39,2023.01.07,BO,BO
702,akfunchess66,669b3fc7-9423-11ed-90fb-78ac4409ff3c,https://www.chess.com/game/live/67450466555,rnbqkbnr/pppppppp/8/8/8/8/PPPPPPPP/RNBQKBNR w KQkq - 0 1,rapid,900+10,16:02:30,akfunchess66,claraqiu,1-0,15:52:23,2023.01.14,BO,BO
708,akfunchess66,dd1acce1-9f4e-11ed-ab9a-78ac4409ff3c,https://www.chess.com/game/live/68678695027,rnbqkbnr/pppppppp/8/8/8/8/PPPPPPPP/RNBQKBNR w KQkq - 0 1,rapid,900+10,21:06:55,akfunchess66,ravenclawfairy,1-0,21:01:05,2023.01.28,BO,BO
709,akfunchess66,67f3dc0c-a4a4-11ed-8eba-78ac4409ff3c,https://www.chess.com/game/live/69265025577,rnbqkbnr/pppppppp/8/8/8/8/PPPPPPPP/RNBQKBNR w KQkq - 0 1,rapid,900+10,16:00:55,akfunchess66,zora_zhu,1-0,15:56:01,2023.02.04,BO,BO
710,akfunchess66,15b9b50a-aa24-11ed-880b-78ac4409ff3c,https://www.chess.com/game/live/69869767975,rnbqkbnr/pppppppp/8/8/8/8/PPPPPPPP/RNBQKBNR w KQkq - 0 1,rapid,900+10,16:00:21,akfunchess66,agcuber19,1-0,15:52:39,2023.02.11,BO,BO
714,akfunchess66,a537fad1-ad88-11ed-880b-78ac4409ff3c,https://www.chess.com/game/live/70242829179,rnbqkbnr/pppppppp/8/8/8/8/PPPPPPPP/RNBQKBNR w KQkq - 0 1,rapid,900+10,23:43:51,akfunchess66,marsboom,1-0,23:30:08,2023.02.15,BO,BO
715,akfunchess66,0a2ef460-afa4-11ed-ba01-78ac4409ff3c,https://www.chess.com/game/live/70474496325,rnbqkbnr/pppppppp/8/8/8/8/PPPPPPPP/RNBQKBNR w KQkq - 0 1,rapid,900+10,16:19:38,akfunchess66,tlpawn,0-1,15:51:20,2023.02.18,BO,BO
717,akfunchess66,f3c218a6-b523-11ed-91f5-78ac4409ff3c,https://www.chess.com/game/live/71079276717,rnbqkbnr/pppppppp/8/8/8/8/PPPPPPPP/RNBQKBNR w KQkq - 0 1,rapid,900+10,16:09:11,xiaoanwu,akfunchess66,0-1,15:49:21,2023.02.25,BO,BO
754,Marsboom,b32b0e19-8ea3-11ed-b9f6-78ac4409ff3c,https://www.chess.com/game/live/66846027229,rnbqkbnr/pppppppp/8/8/8/8/PPPPPPPP/RNBQKBNR w KQkq - 0 1,rapid,900+10,16:21:07,akfunchess66,marsboom,1-0,15:55:39,2023.01.07,BO,BO
758,Marsboom,cdc1ce23-9423-11ed-90fb-78ac4409ff3c,https://www.chess.com/game/live/67450854565,rnbqkbnr/pppppppp/8/8/8/8/PPPPPPPP/RNBQKBNR w KQkq - 0 1,rapid,900+10,16:02:43,marsboom,burleywalrus,1-0,15:55:06,2023.01.14,BO,BO
761,Marsboom,2913abb0-9f23-11ed-ab9a-78ac4409ff3c,https://www.chess.com/game/live/68660004363,rnbqkbnr/pppppppp/8/8/8/8/PPPPPPPP/RNBQKBNR w KQkq - 0 1,rapid,900+10,16:04:02,claraqiu,marsboom,0-1,15:48:13,2023.01.28,BO,BO
766,Marsboom,95d5e30d-a498-11ed-8eba-78ac4409ff3c,https://www.chess.com/game/live/69260206889,rnbqkbnr/pppppppp/8/8/8/8/PPPPPPPP/RNBQKBNR w KQkq - 0 1,rapid,900+10,14:48:01,ravenclawfairy,marsboom,0-1,14:31:44,2023.02.04,BO,BO
770,Marsboom,bab4f7bb-aa24-11ed-880b-78ac4409ff3c,https://www.chess.com/game/live/69870179199,rnbqkbnr/pppppppp/8/8/8/8/PPPPPPPP/RNBQKBNR w KQkq - 0 1,rapid,900+10,16:11:39,zora_zhu,marsboom,0-1,15:57:08,2023.02.11,BO,BO
777,Marsboom,a537fad1-ad88-11ed-880b-78ac4409ff3c,https://www.chess.com/game/live/70242829179,rnbqkbnr/pppppppp/8/8/8/8/PPPPPPPP/RNBQKBNR w KQkq - 0 1,rapid,900+10,23:43:51,akfunchess66,marsboom,1-0,23:30:08,2023.02.15,BO,BO
778,Marsboom,4c8f4b8b-afa4-11ed-ba01-78ac4409ff3c,https://www.chess.com/game/live/70474565005,rnbqkbnr/pppppppp/8/8/8/8/PPPPPPPP/RNBQKBNR w KQkq - 0 1,rapid,900+10,16:13:00,marsboom,agcuber19,1-0,15:52:54,2023.02.18,BO,BO
792,Marsboom,00cc6a52-b524-11ed-91f5-78ac4409ff3c,https://www.chess.com/game/live/71079289769,rnbqkbnr/pppppppp/8/8/8/8/PPPPPPPP/RNBQKBNR w KQkq - 0 1,rapid,900+10,16:21:04,tlpawn,marsboom,0-1,15:49:42,2023.02.25,BO,BO
818,Claraqiu,dbb52a9b-8ea3-11ed-b9f6-78ac4409ff3c,https://www.chess.com/game/live/66846057939,rnbqkbnr/pppppppp/8/8/8/8/PPPPPPPP/RNBQKBNR w KQkq - 0 1,rapid,900+10,16:25:15,claraqiu,emmaxli,0-1,15:56:36,2023.01.07,BO,BO
820,Claraqiu,669b3fc7-9423-11ed-90fb-78ac4409ff3c,https://www.chess.com/game/live/67450466555,rnbqkbnr/pppppppp/8/8/8/8/PPPPPPPP/RNBQKBNR w KQkq - 0 1,rapid,900+10,16:02:30,akfunchess66,claraqiu,1-0,15:52:23,2023.01.14,BO,BO
823,Claraqiu,2913abb0-9f23-11ed-ab9a-78ac4409ff3c,https://www.chess.com/game/live/68660004363,rnbqkbnr/pppppppp/8/8/8/8/PPPPPPPP/RNBQKBNR w KQkq - 0 1,rapid,900+10,16:04:02,claraqiu,marsboom,0-1,15:48:13,2023.01.28,BO,BO
825,Claraqiu,498ad401-a4a4-11ed-8eba-78ac4409ff3c,https://www.chess.com/game/live/69264996845,rnbqkbnr/pppppppp/8/8/8/8/PPPPPPPP/RNBQKBNR w KQkq - 0 1,rapid,900+10,16:22:56,burleywalrus,claraqiu,1-0,15:55:04,2023.02.04,BO,BO
831,Claraqiu,81cb1d3a-aa24-11ed-880b-78ac4409ff3c,https://www.chess.com/game/live/69870121601,rnbqkbnr/pppppppp/8/8/8/8/PPPPPPPP/RNBQKBNR w KQkq - 0 1,rapid,900+10,16:07:59,ravenclawfairy,claraqiu,1-0,15:55:47,2023.02.11,BO,BO
837,Claraqiu,377fc14a-afa4-11ed-ba01-78ac4409ff3c,https://www.chess.com/game/live/70474543211,rnbqkbnr/pppppppp/8/8/8/8/PPPPPPPP/RNBQKBNR w KQkq - 0 1,rapid,900+10,15:57:12,zora_zhu,claraqiu,1-0,15:52:20,2023.02.18,BO,BO
838,Claraqiu,fbdf34d4-afa4-11ed-ba01-78ac4409ff3c,https://www.chess.com/game/live/70474979353,rnbqkbnr/pppppppp/8/8/8/8/PPPPPPPP/RNBQKBNR w KQkq - 0 1,rapid,900+10,16:24:09,claraqiu,zora_zhu,0-1,15:57:42,2023.02.18,BO,BO
846,Claraqiu,decc3132-b523-11ed-91f5-78ac4409ff3c,https://www.chess.com/game/live/71079255539,rnbqkbnr/pppppppp/8/8/8/8/PPPPPPPP/RNBQKBNR w KQkq - 0 1,rapid,900+10,16:12:58,agcuber19,claraqiu,1-0,15:48:31,2023.02.25,BO,BO
855,Ravenclawfairy,ff837019-920c-11ed-b9f6-78ac4409ff3c,https://www.chess.com/game/live/67221026987,rnbqkbnr/pppppppp/8/8/8/8/PPPPPPPP/RNBQKBNR w KQkq - 0 1,rapid,900+10,00:17:32,ravenclawfairy,xiaoanwu,1-0,00:06:51,2023.01.12,BO,BO
856,Ravenclawfairy,73eafee0-9423-11ed-90fb-78ac4409ff3c,https://www.chess.com/game/live/67450477731,rnbqkbnr/pppppppp/8/8/8/8/PPPPPPPP/RNBQKBNR w KQkq - 0 1,rapid,900+10,16:07:30,emmaxli,ravenclawfairy,1-0,15:52:38,2023.01.14,BO,BO
857,Ravenclawfairy,dd1acce1-9f4e-11ed-ab9a-78ac4409ff3c,https://www.chess.com/game/live/68678695027,rnbqkbnr/pppppppp/8/8/8/8/PPPPPPPP/RNBQKBNR w KQkq - 0 1,rapid,900+10,21:06:55,akfunchess66,ravenclawfairy,1-0,21:01:05,2023.01.28,BO,BO
859,Ravenclawfairy,95d5e30d-a498-11ed-8eba-78ac4409ff3c,https://www.chess.com/game/live/69260206889,rnbqkbnr/pppppppp/8/8/8/8/PPPPPPPP/RNBQKBNR w KQkq - 0 1,rapid,900+10,14:48:01,ravenclawfairy,marsboom,0-1,14:31:44,2023.02.04,BO,BO
860,Ravenclawfairy,81cb1d3a-aa24-11ed-880b-78ac4409ff3c,https://www.chess.com/game/live/69870121601,rnbqkbnr/pppppppp/8/8/8/8/PPPPPPPP/RNBQKBNR w KQkq - 0 1,rapid,900+10,16:07:59,ravenclawfairy,claraqiu,1-0,15:55:47,2023.02.11,BO,BO
861,Ravenclawfairy,1166083c-afa4-11ed-ba01-78ac4409ff3c,https://www.chess.com/game/live/70474503777,rnbqkbnr/pppppppp/8/8/8/8/PPPPPPPP/RNBQKBNR w KQkq - 0 1,rapid,900+10,16:06:53,burleywalrus,ravenclawfairy,1-0,15:51:19,2023.02.18,BO,BO
863,Ravenclawfairy,0468cb4b-b524-11ed-91f5-78ac4409ff3c,https://www.chess.com/game/live/71079293417,rnbqkbnr/pppppppp/8/8/8/8/PPPPPPPP/RNBQKBNR w KQkq - 0 1,rapid,900+10,15:58:52,zora_zhu,ravenclawfairy,0-1,15:50:01,2023.02.25,BO,BO
866,Zora_zhu,3a71f1a5-8ea4-11ed-b9f6-78ac4409ff3c,https://www.chess.com/game/live/66846130489,rnbqkbnr/pppppppp/8/8/8/8/PPPPPPPP/RNBQKBNR w KQkq - 0 1,rapid,900+10,16:14:55,tlpawn,zora_zhu,1-0,15:59:13,2023.01.07,BO,BO
871,Zora_zhu,05d0dcd6-95fa-11ed-90fb-78ac4409ff3c,https://www.chess.com/game/live/67652562201,rnbqkbnr/pppppppp/8/8/8/8/PPPPPPPP/RNBQKBNR w KQkq - 0 1,rapid,900+10,00:28:13,zora_zhu,xiaoanwu,0-1,00:00:58,2023.01.17,BO,BO
873,Zora_zhu,b2109240-9f25-11ed-ab9a-78ac4409ff3c,https://www.chess.com/game/live/68661143125,rnbqkbnr/pppppppp/8/8/8/8/PPPPPPPP/RNBQKBNR w KQkq - 0 1,rapid,900+10,16:36:43,emmaxli,zora_zhu,1-0,16:06:17,2023.01.28,BO,BO
881,Zora_zhu,67f3dc0c-a4a4-11ed-8eba-78ac4409ff3c,https://www.chess.com/game/live/69265025577,rnbqkbnr/pppppppp/8/8/8/8/PPPPPPPP/RNBQKBNR w KQkq - 0 1,rapid,900+10,16:00:55,akfunchess66,zora_zhu,1-0,15:56:01,2023.02.04,BO,BO
888,Zora_zhu,bab4f7bb-aa24-11ed-880b-78ac4409ff3c,https://www.chess.com/game/live/69870179199,rnbqkbnr/pppppppp/8/8/8/8/PPPPPPPP/RNBQKBNR w KQkq - 0 1,rapid,900+10,16:11:39,zora_zhu,marsboom,0-1,15:57:08,2023.02.11,BO,BO
895,Zora_zhu,5288ce14-ab1a-11ed-880b-78ac4409ff3c,https://www.chess.com/game/live/69975454889,rnbqkbnr/pppppppp/8/8/8/8/PPPPPPPP/RNBQKBNR w KQkq - 0 1,rapid,1200,21:36:11,burleywalrus,zora_zhu,1-0,21:15:01,2023.02.12,BO,BO
898,Zora_zhu,377fc14a-afa4-11ed-ba01-78ac4409ff3c,https://www.chess.com/game/live/70474543211,rnbqkbnr/pppppppp/8/8/8/8/PPPPPPPP/RNBQKBNR w KQkq - 0 1,rapid,900+10,15:57:12,zora_zhu,claraqiu,1-0,15:52:20,2023.02.18,BO,BO
899,Zora_zhu,fbdf34d4-afa4-11ed-ba01-78ac4409ff3c,https://www.chess.com/game/live/70474979353,rnbqkbnr/pppppppp/8/8/8/8/PPPPPPPP/RNBQKBNR w KQkq - 0 1,rapid,900+10,16:24:09,claraqiu,zora_zhu,0-1,15:57:42,2023.02.18,BO,BO
908,Zora_zhu,0468cb4b-b524-11ed-91f5-78ac4409ff3c,https://www.chess.com/game/live/71079293417,rnbqkbnr/pppppppp/8/8/8/8/PPPPPPPP/RNBQKBNR w KQkq - 0 1,rapid,900+10,15:58:52,zora_zhu,ravenclawfairy,0-1,15:50:01,2023.02.25,BO,BO
918,BurleyWalrus,e52d54c7-8ea3-11ed-b9f6-78ac4409ff3c,https://www.chess.com/game/live/66846065107,rnbqkbnr/pppppppp/8/8/8/8/PPPPPPPP/RNBQKBNR w KQkq - 0 1,rapid,900+10,16:00:06,burleywalrus,agcuber19,0-1,15:56:53,2023.01.07,BO,BO
919,BurleyWalrus,cdc1ce23-9423-11ed-90fb-78ac4409ff3c,https://www.chess.com/game/live/67450854565,rnbqkbnr/pppppppp/8/8/8/8/PPPPPPPP/RNBQKBNR w KQkq - 0 1,rapid,900+10,16:02:43,marsboom,burleywalrus,1-0,15:55:06,2023.01.14,BO,BO
921,BurleyWalrus,3a4c8b49-9f23-11ed-ab9a-78ac4409ff3c,https://www.chess.com/game/live/68660020589,rnbqkbnr/pppppppp/8/8/8/8/PPPPPPPP/RNBQKBNR w KQkq - 0 1,rapid,600+5,15:52:15,tlpawn,burleywalrus,1-0,15:49:01,2023.01.28,BO,BO
922,BurleyWalrus,498ad401-a4a4-11ed-8eba-78ac4409ff3c,https://www.chess.com/game/live/69264996845,rnbqkbnr/pppppppp/8/8/8/8/PPPPPPPP/RNBQKBNR w KQkq - 0 1,rapid,900+10,16:22:56,burleywalrus,claraqiu,1-0,15:55:04,2023.02.04,BO,BO
926,BurleyWalrus,4b7a3d16-aa24-11ed-880b-78ac4409ff3c,https://www.chess.com/game/live/69869821601,rnbqkbnr/pppppppp/8/8/8/8/PPPPPPPP/RNBQKBNR w KQkq - 0 1,rapid,900+10,16:06:25,xiaoanwu,burleywalrus,0-1,15:53:58,2023.02.11,BO,BO
928,BurleyWalrus,5288ce14-ab1a-11ed-880b-78ac4409ff3c,https://www.chess.com/game/live/69975454889,rnbqkbnr/pppppppp/8/8/8/8/PPPPPPPP/RNBQKBNR w KQkq - 0 1,rapid,1200,21:36:11,burleywalrus,zora_zhu,1-0,21:15:01,2023.02.12,BO,BO
930,BurleyWalrus,42d8e91e-ab23-11ed-880b-78ac4409ff3c,https://www.chess.com/game/live/69979430707,rnbqkbnr/pppppppp/8/8/8/8/PPPPPPPP/RNBQKBNR w KQkq - 0 1,rapid,1200,22:26:12,agcuber19,burleywalrus,1/2-1/2,22:19:11,2023.02.12,BO,BO
933,BurleyWalrus,1166083c-afa4-11ed-ba01-78ac4409ff3c,https://www.chess.com/game/live/70474503777,rnbqkbnr/pppppppp/8/8/8/8/PPPPPPPP/RNBQKBNR w KQkq - 0 1,rapid,900+10,16:06:53,burleywalrus,ravenclawfairy,1-0,15:51:19,2023.02.18,BO,BO
941,BurleyWalrus,0ca874aa-b524-11ed-91f5-78ac4409ff3c,https://www.chess.com/game/live/71079301573,rnbqkbnr/pppppppp/8/8/8/8/PPPPPPPP/RNBQKBNR w KQkq - 0 1,rapid,900+10,15:58:41,burleywalrus,emmaxli,1-0,15:50:01,2023.02.25,BO,BO
975,taionemm,7f3acdd9-8ead-11ed-b9f6-78ac4409ff3c,https://www.chess.com/game/live/66850233279,rnbqkbnr/pppppppp/8/8/8/8/PPPPPPPP/RNBQKBNR w KQkq - 0 1,rapid,900+10,17:36:43,yumitang,taionemm,1/2-1/2,17:06:02,2023.01.07,BP,BP
994,taionemm,2156826f-942d-11ed-90fb-78ac4409ff3c,https://www.chess.com/game/live/67454660065,rnbqkbnr/pppppppp/8/8/8/8/PPPPPPPP/RNBQKBNR w KQkq - 0 1,rapid,900+10,17:14:03,augustinewz,taionemm,1-0,17:02:04,2023.01.14,BP,BP
1003,taionemm,17ae15e3-9f2e-11ed-ab9a-78ac4409ff3c,https://www.chess.com/game/live/68664746897,rnbqkbnr/pppppppp/8/8/8/8/PPPPPPPP/RNBQKBNR w KQkq - 0 1,rapid,900+10,17:28:16,taionemm,oscarzhang818,0-1,17:06:40,2023.01.28,BP,BP
1022,taionemm,d4539bec-a4ad-11ed-8eba-78ac4409ff3c,https://www.chess.com/game/live/69269284091,rnbqkbnr/pppppppp/8/8/8/8/PPPPPPPP/RNBQKBNR w KQkq - 0 1,rapid,900+10,17:08:30,yaohengli,taionemm,1-0,17:03:35,2023.02.04,BP,BP
1025,taionemm,495a3781-aa2e-11ed-880b-78ac4409ff3c,https://www.chess.com/game/live/69874322047,rnbqkbnr/pppppppp/8/8/8/8/PPPPPPPP/RNBQKBNR w KQkq - 0 1,rapid,900+10,17:13:27,wallacewang1214,taionemm,1-0,17:05:52,2023.02.11,BP,BP
1033,taionemm,7de233ac-afae-11ed-ba01-78ac4409ff3c,https://www.chess.com/game/live/70479109061,rnbqkbnr/pppppppp/8/8/8/8/PPPPPPPP/RNBQKBNR w KQkq - 0 1,rapid,900+10,17:29:09,sophiaz2022,taionemm,1/2-1/2,17:06:07,2023.02.18,BP,BP
1040,taionemm,1e57d88d-b52e-11ed-91f5-78ac4409ff3c,https://www.chess.com/game/live/71083578865,rnbqkbnr/pppppppp/8/8/8/8/PPPPPPPP/RNBQKBNR w KQkq - 0 1,rapid,900+10,17:10:05,alicecli,taionemm,1-0,17:02:22,2023.02.25,BP,BP
1045,augustinewz,5a2363c2-78ac-11ed-a76d-78ac4409ff3c,https://www.chess.com/game/live/64430515181,rnbqkbnr/pppppppp/8/8/8/8/PPPPPPPP/RNBQKBNR w KQkq - 0 1,rapid,900+10,17:23:50,oscarzhang818,augustinewz,1-0,17:01:59,2022.12.10,BP,BP
1053,augustinewz,2156826f-942d-11ed-90fb-78ac4409ff3c,https://www.chess.com/game/live/67454660065,rnbqkbnr/pppppppp/8/8/8/8/PPPPPPPP/RNBQKBNR w KQkq - 0 1,rapid,900+10,17:14:03,augustinewz,taionemm,1-0,17:02:04,2023.01.14,BP,BP
1056,augustinewz,17648965-9f2e-11ed-ab9a-78ac4409ff3c,https://www.chess.com/game/live/68664746585,rnbqkbnr/pppppppp/8/8/8/8/PPPPPPPP/RNBQKBNR w KQkq - 0 1,rapid,900+10,17:22:17,oinkoinkw,augustinewz,1-0,17:06:32,2023.01.28,BP,BP
1061,augustinewz,f5761f79-a4ad-11ed-8eba-78ac4409ff3c,https://www.chess.com/game/live/69269314637,rnbqkbnr/pppppppp/8/8/8/8/PPPPPPPP/RNBQKBNR w KQkq - 0 1,rapid,900+10,17:15:14,augustinewz,oscarzhang818,0-1,17:04:53,2023.02.04,BP,BP
1064,augustinewz,98b9d862-aa2d-11ed-880b-78ac4409ff3c,https://www.chess.com/game/live/69873902785,rnbqkbnr/pppppppp/8/8/8/8/PPPPPPPP/RNBQKBNR w KQkq - 0 1,rapid,900+10,17:15:37,augustinewz,yaohengli,0-1,17:01:01,2023.02.11,BP,BP
1066,augustinewz,101591f1-afaf-11ed-ba01-78ac4409ff3c,https://www.chess.com/game/live/70479260985,rnbqkbnr/pppppppp/8/8/8/8/PPPPPPPP/RNBQKBNR w KQkq - 0 1,rapid,900+10,17:13:58,augustinewz,wallacewang1214,1-0,17:10:46,2023.02.18,BP,BP
1070,augustinewz,2acf11e9-b52e-11ed-91f5-78ac4409ff3c,https://www.chess.com/game/live/71083591377,rnbqkbnr/pppppppp/8/8/8/8/PPPPPPPP/RNBQKBNR w KQkq - 0 1,rapid,900+10,17:14:50,sophiaz2022,augustinewz,0-1,17:02:38,2023.02.25,BP,BP
1074,oscarzhang818,5a2363c2-78ac-11ed-a76d-78ac4409ff3c,https://www.chess.com/game/live/64430515181,rnbqkbnr/pppppppp/8/8/8/8/PPPPPPPP/RNBQKBNR w KQkq - 0 1,rapid,900+10,17:23:50,oscarzhang818,augustinewz,1-0,17:01:59,2022.12.10,BP,BP
1079,oscarzhang818,8ebb2849-8ead-11ed-b9f6-78ac4409ff3c,https://www.chess.com/game/live/66850245621,rnbqkbnr/pppppppp/8/8/8/8/PPPPPPPP/RNBQKBNR w KQkq - 0 1,rapid,900+10,17:19:15,oscarzhang818,sophiaz2022,1-0,17:06:04,2023.01.07,BP,BP
1080,oscarzhang818,ad1aad3c-9606-11ed-90fb-78ac4409ff3c,https://www.chess.com/game/live/67657951785,rnbqkbnr/pppppppp/8/8/8/8/PPPPPPPP/RNBQKBNR w KQkq - 0 1,rapid,900+10,01:40:20,james2945,oscarzhang818,0-1,01:32:21,2023.01.17,BP,BP
1081,oscarzhang818,17ae15e3-9f2e-11ed-ab9a-78ac4409ff3c,https://www.chess.com/game/live/68664746897,rnbqkbnr/pppppppp/8/8/8/8/PPPPPPPP/RNBQKBNR w KQkq - 0 1,rapid,900+10,17:28:16,taionemm,oscarzhang818,0-1,17:06:40,2023.01.28,BP,BP
1082,oscarzhang818,f5761f79-a4ad-11ed-8eba-78ac4409ff3c,https://www.chess.com/game/live/69269314637,rnbqkbnr/pppppppp/8/8/8/8/PPPPPPPP/RNBQKBNR w KQkq - 0 1,rapid,900+10,17:15:14,augustinewz,oscarzhang818,0-1,17:04:53,2023.02.04,BP,BP
1083,oscarzhang818,263665a5-aa2e-11ed-880b-78ac4409ff3c,https://www.chess.com/game/live/69874045181,rnbqkbnr/pppppppp/8/8/8/8/PPPPPPPP/RNBQKBNR w KQkq - 0 1,rapid,900+10,17:22:23,oscarzhang818,oinkoinkw,1-0,17:04:26,2023.02.11,BP,BP
1084,oscarzhang818,757bef68-afae-11ed-ba01-78ac4409ff3c,https://www.chess.com/game/live/70479100309,rnbqkbnr/pppppppp/8/8/8/8/PPPPPPPP/RNBQKBNR w KQkq - 0 1,rapid,900+10,17:27:41,oscarzhang818,yaohengli,1-0,17:06:30,2023.02.18,BP,BP
1085,oscarzhang818,d8909369-b52e-11ed-91f5-78ac4409ff3c,https://www.chess.com/game/live/71084007043,rnbqkbnr/pppppppp/8/8/8/8/PPPPPPPP/RNBQKBNR w KQkq - 0 1,rapid,900+10,17:16:15,oscarzhang818,wallacewang1214,1-0,17:07:44,2023.02.25,BP,BP
1087,yaohengli,41357138-732c-11ed-a69d-78ac4409ff3c,https://www.chess.com/game/live/63825739807,rnbqkbnr/pppppppp/8/8/8/8/PPPPPPPP/RNBQKBNR w KQkq - 0 1,rapid,900+10,17:09:04,yaohengli,sophiaz2022,1-0,17:02:34,2022.12.03,BP,BP
1095,yaohengli,9bbd8a7c-8ead-11ed-b9f6-78ac4409ff3c,https://www.chess.com/game/live/66850256191,rnbqkbnr/pppppppp/8/8/8/8/PPPPPPPP/RNBQKBNR w KQkq - 0 1,rapid,900+10,17:20:34,yaohengli,wallacewang1214,1-0,17:06:42,2023.01.07,BP,BP
1096,yaohengli,1090fd51-942d-11ed-90fb-78ac4409ff3c,https://www.chess.com/game/live/67454646015,rnbqkbnr/pppppppp/8/8/8/8/PPPPPPPP/RNBQKBNR w KQkq - 0 1,rapid,900+10,17:32:34,yaohengli,yumitang,0-1,17:01:31,2023.01.14,BP,BP
1118,yaohengli,78adf657-a039-11ed-ab9a-78ac4409ff3c,https://www.chess.com/game/live/68779409927,rnbqkbnr/pppppppp/8/8/8/8/PPPPPPPP/RNBQKBNR w KQkq - 0 1,rapid,900+10,01:12:16,yaohengli,james2945,1-0,01:00:44,2023.01.30,BP,BP
1124,yaohengli,d4539bec-a4ad-11ed-8eba-78ac4409ff3c,https://www.chess.com/game/live/69269284091,rnbqkbnr/pppppppp/8/8/8/8/PPPPPPPP/RNBQKBNR w KQkq - 0 1,rapid,900+10,17:08:30,yaohengli,taionemm,1-0,17:03:35,2023.02.04,BP,BP
1134,yaohengli,98b9d862-aa2d-11ed-880b-78ac4409ff3c,https://www.chess.com/game/live/69873902785,rnbqkbnr/pppppppp/8/8/8/8/PPPPPPPP/RNBQKBNR w KQkq - 0 1,rapid,900+10,17:15:37,augustinewz,yaohengli,0-1,17:01:01,2023.02.11,BP,BP
1141,yaohengli,757bef68-afae-11ed-ba01-78ac4409ff3c,https://www.chess.com/game/live/70479100309,rnbqkbnr/pppppppp/8/8/8/8/PPPPPPPP/RNBQKBNR w KQkq - 0 1,rapid,900+10,17:27:41,oscarzhang818,yaohengli,1-0,17:06:30,2023.02.18,BP,BP
1159,yaohengli,2adcf4ef-b52e-11ed-91f5-78ac4409ff3c,https://www.chess.com/game/live/71083591407,rnbqkbnr/pppppppp/8/8/8/8/PPPPPPPP/RNBQKBNR w KQkq - 0 1,rapid,900+10,17:26:59,oinkoinkw,yaohengli,1/2-1/2,17:02:35,2023.02.25,BP,BP
1163,Wallacewang1214,9bbd8a7c-8ead-11ed-b9f6-78ac4409ff3c,https://www.chess.com/game/live/66850256191,rnbqkbnr/pppppppp/8/8/8/8/PPPPPPPP/RNBQKBNR w KQkq - 0 1,rapid,900+10,17:20:34,yaohengli,wallacewang1214,1-0,17:06:42,2023.01.07,BP,BP
1165,Wallacewang1214,572560f1-942d-11ed-90fb-78ac4409ff3c,https://www.chess.com/game/live/67454705417,rnbqkbnr/pppppppp/8/8/8/8/PPPPPPPP/RNBQKBNR w KQkq - 0 1,rapid,600,17:15:38,wallacewang1214,alicecli,1-0,17:03:33,2023.01.14,BP,BP
1166,Wallacewang1214,f68ffec9-9f2d-11ed-ab9a-78ac4409ff3c,https://www.chess.com/game/live/68664714359,rnbqkbnr/pppppppp/8/8/8/8/PPPPPPPP/RNBQKBNR w KQkq - 0 1,rapid,900+10,17:22:15,yumitang,wallacewang1214,1-0,17:05:55,2023.01.28,BP,BP
1168,Wallacewang1214,7e827ed9-a8e2-11ed-8508-78ac4409ff3c,https://www.chess.com/game/live/69731647633,rnbqkbnr/pppppppp/8/8/8/8/PPPPPPPP/RNBQKBNR w KQkq - 0 1,rapid,900+10,01:37:14,james2945,wallacewang1214,0-1,01:30:47,2023.02.10,BP,BP
1169,Wallacewang1214,495a3781-aa2e-11ed-880b-78ac4409ff3c,https://www.chess.com/game/live/69874322047,rnbqkbnr/pppppppp/8/8/8/8/PPPPPPPP/RNBQKBNR w KQkq - 0 1,rapid,900+10,17:13:27,wallacewang1214,taionemm,1-0,17:05:52,2023.02.11,BP,BP
1187,Wallacewang1214,101591f1-afaf-11ed-ba01-78ac4409ff3c,https://www.chess.com/game/live/70479260985,rnbqkbnr/pppppppp/8/8/8/8/PPPPPPPP/RNBQKBNR w KQkq - 0 1,rapid,900+10,17:13:58,augustinewz,wallacewang1214,1-0,17:10:46,2023.02.18,BP,BP
1208,Wallacewang1214,d8909369-b52e-11ed-91f5-78ac4409ff3c,https://www.chess.com/game/live/71084007043,rnbqkbnr/pppppppp/8/8/8/8/PPPPPPPP/RNBQKBNR w KQkq - 0 1,rapid,900+10,17:16:15,oscarzhang818,wallacewang1214,1-0,17:07:44,2023.02.25,BP,BP
1213,SophiaZ2022,41357138-732c-11ed-a69d-78ac4409ff3c,https://www.chess.com/game/live/63825739807,rnbqkbnr/pppppppp/8/8/8/8/PPPPPPPP/RNBQKBNR w KQkq - 0 1,rapid,900+10,17:09:04,yaohengli,sophiaz2022,1-0,17:02:34,2022.12.03,BP,BP
1215,SophiaZ2022,8ebb2849-8ead-11ed-b9f6-78ac4409ff3c,https://www.chess.com/game/live/66850245621,rnbqkbnr/pppppppp/8/8/8/8/PPPPPPPP/RNBQKBNR w KQkq - 0 1,rapid,900+10,17:19:15,oscarzhang818,sophiaz2022,1-0,17:06:04,2023.01.07,BP,BP
1216,SophiaZ2022,53f45250-9797-11ed-90fb-78ac4409ff3c,https://www.chess.com/game/live/67830120423,rnbqkbnr/pppppppp/8/8/8/8/PPPPPPPP/RNBQKBNR w KQkq - 0 1,rapid,900+10,01:35:40,sophiaz2022,oinkoinkw,1/2-1/2,01:19:54,2023.01.19,BP,BP
1217,SophiaZ2022,007960d1-9f2e-11ed-ab9a-78ac4409ff3c,https://www.chess.com/game/live/68664724147,rnbqkbnr/pppppppp/8/8/8/8/PPPPPPPP/RNBQKBNR w KQkq - 0 1,rapid,600,17:23:54,alicecli,sophiaz2022,1-0,17:05:44,2023.01.28,BP,BP
1219,SophiaZ2022,12ab3bc3-a4ae-11ed-8eba-78ac4409ff3c,https://www.chess.com/game/live/69269343097,rnbqkbnr/pppppppp/8/8/8/8/PPPPPPPP/RNBQKBNR w KQkq - 0 1,rapid,900+10,17:28:34,sophiaz2022,yumitang,1-0,17:05:15,2023.02.04,BP,BP
1220,SophiaZ2022,529eb145-ad94-11ed-880b-78ac4409ff3c,https://www.chess.com/game/live/70247693301,rnbqkbnr/pppppppp/8/8/8/8/PPPPPPPP/RNBQKBNR w KQkq - 0 1,rapid,900+10,01:28:40,james2945,sophiaz2022,0-1,00:54:03,2023.02.16,BP,BP
1221,SophiaZ2022,7de233ac-afae-11ed-ba01-78ac4409ff3c,https://www.chess.com/game/live/70479109061,rnbqkbnr/pppppppp/8/8/8/8/PPPPPPPP/RNBQKBNR w KQkq - 0 1,rapid,900+10,17:29:09,sophiaz2022,taionemm,1/2-1/2,17:06:07,2023.02.18,BP,BP
1222,SophiaZ2022,2acf11e9-b52e-11ed-91f5-78ac4409ff3c,https://www.chess.com/game/live/71083591377,rnbqkbnr/pppppppp/8/8/8/8/PPPPPPPP/RNBQKBNR w KQkq - 0 1,rapid,900+10,17:14:50,sophiaz2022,augustinewz,0-1,17:02:38,2023.02.25,BP,BP
1230,AliceCLi,572560f1-942d-11ed-90fb-78ac4409ff3c,https://www.chess.com/game/live/67454705417,rnbqkbnr/pppppppp/8/8/8/8/PPPPPPPP/RNBQKBNR w KQkq - 0 1,rapid,600,17:15:38,wallacewang1214,alicecli,1-0,17:03:33,2023.01.14,BP,BP
1233,AliceCLi,007960d1-9f2e-11ed-ab9a-78ac4409ff3c,https://www.chess.com/game/live/68664724147,rnbqkbnr/pppppppp/8/8/8/8/PPPPPPPP/RNBQKBNR w KQkq - 0 1,rapid,600,17:23:54,alicecli,sophiaz2022,1-0,17:05:44,2023.01.28,BP,BP
1236,AliceCLi,5c81ab35-a4ae-11ed-8eba-78ac4409ff3c,https://www.chess.com/game/live/69269413341,rnbqkbnr/pppppppp/8/8/8/8/PPPPPPPP/RNBQKBNR w KQkq - 0 1,rapid,900+10,17:17:27,alicecli,oinkoinkw,1-0,17:07:21,2023.02.04,BP,BP
1242,AliceCLi,f4743514-aa2d-11ed-880b-78ac4409ff3c,https://www.chess.com/game/live/69873995487,rnbqkbnr/pppppppp/8/8/8/8/PPPPPPPP/RNBQKBNR w KQkq - 0 1,rapid,900+10,17:38:12,yumitang,alicecli,1/2-1/2,17:03:11,2023.02.11,BP,BP
1243,AliceCLi,ef6e3974-aff5-11ed-ba01-78ac4409ff3c,https://www.chess.com/game/live/70509713163,rnbqkbnr/pppppppp/8/8/8/8/PPPPPPPP/RNBQKBNR w KQkq - 0 1,rapid,900+10,01:51:17,james2945,alicecli,0-1,01:37:20,2023.02.19,BP,BP
1255,AliceCLi,1e57d88d-b52e-11ed-91f5-78ac4409ff3c,https://www.chess.com/game/live/71083578865,rnbqkbnr/pppppppp/8/8/8/8/PPPPPPPP/RNBQKBNR w KQkq - 0 1,rapid,900+10,17:10:05,alicecli,taionemm,1-0,17:02:22,2023.02.25,BP,BP
1261,yumitang,7f3acdd9-8ead-11ed-b9f6-78ac4409ff3c,https://www.chess.com/game/live/66850233279,rnbqkbnr/pppppppp/8/8/8/8/PPPPPPPP/RNBQKBNR w KQkq - 0 1,rapid,900+10,17:36:43,yumitang,taionemm,1/2-1/2,17:06:02,2023.01.07,BP,BP
1262,yumitang,1090fd51-942d-11ed-90fb-78ac4409ff3c,https://www.chess.com/game/live/67454646015,rnbqkbnr/pppppppp/8/8/8/8/PPPPPPPP/RNBQKBNR w KQkq - 0 1,rapid,900+10,17:32:34,yaohengli,yumitang,0-1,17:01:31,2023.01.14,BP,BP
1263,yumitang,f68ffec9-9f2d-11ed-ab9a-78ac4409ff3c,https://www.chess.com/game/live/68664714359,rnbqkbnr/pppppppp/8/8/8/8/PPPPPPPP/RNBQKBNR w KQkq - 0 1,rapid,900+10,17:22:15,yumitang,wallacewang1214,1-0,17:05:55,2023.01.28,BP,BP
1264,yumitang,12ab3bc3-a4ae-11ed-8eba-78ac4409ff3c,https://www.chess.com/game/live/69269343097,rnbqkbnr/pppppppp/8/8/8/8/PPPPPPPP/RNBQKBNR w KQkq - 0 1,rapid,900+10,17:28:34,sophiaz2022,yumitang,1-0,17:05:15,2023.02.04,BP,BP
1265,yumitang,f4743514-aa2d-11ed-880b-78ac4409ff3c,https://www.chess.com/game/live/69873995487,rnbqkbnr/pppppppp/8/8/8/8/PPPPPPPP/RNBQKBNR w KQkq - 0 1,rapid,900+10,17:38:12,yumitang,alicecli,1/2-1/2,17:03:11,2023.02.11,BP,BP
1266,yumitang,6c5cbaf3-afae-11ed-ba01-78ac4409ff3c,https://www.chess.com/game/live/70479090767,rnbqkbnr/pppppppp/8/8/8/8/PPPPPPPP/RNBQKBNR w KQkq - 0 1,rapid,900+10,17:30:13,yumitang,oinkoinkw,1-0,17:05:40,2023.02.18,BP,BP
1267,yumitang,a9a4a2fc-b63e-11ed-91f5-78ac4409ff3c,https://www.chess.com/game/live/71200515209,rnbqkbnr/pppppppp/8/8/8/8/PPPPPPPP/RNBQKBNR w KQkq - 0 1,rapid,900+10,01:50:13,james2945,yumitang,1/2-1/2,01:32:55,2023.02.27,BP,BP
1286,james2945,ad1aad3c-9606-11ed-90fb-78ac4409ff3c,https://www.chess.com/game/live/67657951785,rnbqkbnr/pppppppp/8/8/8/8/PPPPPPPP/RNBQKBNR w KQkq - 0 1,rapid,900+10,01:40:20,james2945,oscarzhang818,0-1,01:32:21,2023.01.17,BP,BP
1290,james2945,78adf657-a039-11ed-ab9a-78ac4409ff3c,https://www.chess.com/game/live/68779409927,rnbqkbnr/pppppppp/8/8/8/8/PPPPPPPP/RNBQKBNR w KQkq - 0 1,rapid,900+10,01:12:16,yaohengli,james2945,1-0,01:00:44,2023.01.30,BP,BP
1294,james2945,7e827ed9-a8e2-11ed-8508-78ac4409ff3c,https://www.chess.com/game/live/69731647633,rnbqkbnr/pppppppp/8/8/8/8/PPPPPPPP/RNBQKBNR w KQkq - 0 1,rapid,900+10,01:37:14,james2945,wallacewang1214,0-1,01:30:47,2023.02.10,BP,BP
1297,james2945,529eb145-ad94-11ed-880b-78ac4409ff3c,https://www.chess.com/game/live/70247693301,rnbqkbnr/pppppppp/8/8/8/8/PPPPPPPP/RNBQKBNR w KQkq - 0 1,rapid,900+10,01:28:40,james2945,sophiaz2022,0-1,00:54:03,2023.02.16,BP,BP
1302,james2945,ef6e3974-aff5-11ed-ba01-78ac4409ff3c,https://www.chess.com/game/live/70509713163,rnbqkbnr/pppppppp/8/8/8/8/PPPPPPPP/RNBQKBNR w KQkq - 0 1,rapid,900+10,01:51:17,james2945,alicecli,0-1,01:37:20,2023.02.19,BP,BP
1305,james2945,a9a4a2fc-b63e-11ed-91f5-78ac4409ff3c,https://www.chess.com/game/live/71200515209,rnbqkbnr/pppppppp/8/8/8/8/PPPPPPPP/RNBQKBNR w KQkq - 0 1,rapid,900+10,01:50:13,james2945,yumitang,1/2-1/2,01:32:55,2023.02.27,BP,BP
1309,Oinkoinkw,53f45250-9797-11ed-90fb-78ac4409ff3c,https://www.chess.com/game/live/67830120423,rnbqkbnr/pppppppp/8/8/8/8/PPPPPPPP/RNBQKBNR w KQkq - 0 1,rapid,900+10,01:35:40,sophiaz2022,oinkoinkw,1/2-1/2,01:19:54,2023.01.19,BP,BP
1310,Oinkoinkw,17648965-9f2e-11ed-ab9a-78ac4409ff3c,https://www.chess.com/game/live/68664746585,rnbqkbnr/pppppppp/8/8/8/8/PPPPPPPP/RNBQKBNR w KQkq - 0 1,rapid,900+10,17:22:17,oinkoinkw,augustinewz,1-0,17:06:32,2023.01.28,BP,BP
1311,Oinkoinkw,5c81ab35-a4ae-11ed-8eba-78ac4409ff3c,https://www.chess.com/game/live/69269413341,rnbqkbnr/pppppppp/8/8/8/8/PPPPPPPP/RNBQKBNR w KQkq - 0 1,rapid,900+10,17:17:27,alicecli,oinkoinkw,1-0,17:07:21,2023.02.04,BP,BP
1315,Oinkoinkw,263665a5-aa2e-11ed-880b-78ac4409ff3c,https://www.chess.com/game/live/69874045181,rnbqkbnr/pppppppp/8/8/8/8/PPPPPPPP/RNBQKBNR w KQkq - 0 1,rapid,900+10,17:22:23,oscarzhang818,oinkoinkw,1-0,17:04:26,2023.02.11,BP,BP
1320,Oinkoinkw,6c5cbaf3-afae-11ed-ba01-78ac4409ff3c,https://www.chess.com/game/live/70479090767,rnbqkbnr/pppppppp/8/8/8/8/PPPPPPPP/RNBQKBNR w KQkq - 0 1,rapid,900+10,17:30:13,yumitang,oinkoinkw,1-0,17:05:40,2023.02.18,BP,BP
1323,Oinkoinkw,2adcf4ef-b52e-11ed-91f5-78ac4409ff3c,https://www.chess.com/game/live/71083591407,rnbqkbnr/pppppppp/8/8/8/8/PPPPPPPP/RNBQKBNR w KQkq - 0 1,rapid,900+10,17:26:59,oinkoinkw,yaohengli,1/2-1/2,17:02:35,2023.02.25,BP,BP
1334,Cathye1,794276ca-a4b8-11ed-8eba-78ac4409ff3c,https://www.chess.com/game/live/69273954471,rnbqkbnr/pppppppp/8/8/8/8/PPPPPPPP/RNBQKBNR w KQkq - 0 1,rapid,900+10,18:43:21,vivianwwww20,cathye1,1-0,18:19:46,2023.02.04,AN,AN
1335,Cathye1,ec0c8c38-aa64-11ed-880b-78ac4409ff3c,https://www.chess.com/game/live/69897747163,rnbqkbnr/pppppppp/8/8/8/8/PPPPPPPP/RNBQKBNR w KQkq - 0 1,rapid,900+10,00:14:08,cathye1,chloewang16,0-1,23:36:55,2023.02.11,AN,AN
1337,Cathye1,f68d155a-aa75-11ed-880b-78ac4409ff3c,https://www.chess.com/game/live/69904984295,rnbqkbnr/pppppppp/8/8/8/8/PPPPPPPP/RNBQKBNR w KQkq - 0 1,rapid,900+10,01:57:13,arthurrocket,cathye1,1-0,01:38:42,2023.02.12,AN,AN
1338,Cathye1,0a793683-b00e-11ed-ba01-78ac4409ff3c,https://www.chess.com/game/live/70519962225,rnbqkbnr/pppppppp/8/8/8/8/PPPPPPPP/RNBQKBNR w KQkq - 0 1,rapid,900+10,04:42:12,cathye1,tyzalex,1/2-1/2,04:29:53,2023.02.19,AN,AN
1339,Cathye1,04e5e6ab-b575-11ed-91f5-78ac4409ff3c,https://www.chess.com/game/live/71114042895,rnbqkbnr/pppppppp/8/8/8/8/PPPPPPPP/RNBQKBNR w KQkq - 0 1,rapid,900+10,01:52:35,cathye1,zhichengw,1/2-1/2,01:29:21,2023.02.26,AN,AN
1340,lunathekitsune,1f91e306-9f39-11ed-ab9a-78ac4409ff3c,https://www.chess.com/game/live/68669510989,rnbqkbnr/pppppppp/8/8/8/8/PPPPPPPP/RNBQKBNR w KQkq - 0 1,rapid,900+10,18:48:55,imracoonie,lunathekitsune,1-0,18:25:44,2023.01.28,AN,AN
1341,lunathekitsune,e54b2bf2-a4b8-11ed-8eba-78ac4409ff3c,https://www.chess.com/game/live/69274061077,rnbqkbnr/pppppppp/8/8/8/8/PPPPPPPP/RNBQKBNR w KQkq - 0 1,rapid,600,18:33:23,lunathekitsune,arthurrocket,0-1,18:23:01,2023.02.04,AN,AN
1342,lunathekitsune,18df2b9f-aa39-11ed-880b-78ac4409ff3c,https://www.chess.com/game/live/69878789477,rnbqkbnr/pppppppp/8/8/8/8/PPPPPPPP/RNBQKBNR w KQkq - 0 1,rapid,900+10,18:35:21,vivianwwww20,lunathekitsune,1/2-1/2,18:23:03,2023.02.11,AN,AN
1343,lunathekitsune,161f8c22-afb9-11ed-ba01-78ac4409ff3c,https://www.chess.com/game/live/70483525077,rnbqkbnr/pppppppp/8/8/8/8/PPPPPPPP/RNBQKBNR w KQkq - 0 1,rapid,900+10,18:37:54,lunathekitsune,chloewang16,0-1,18:22:13,2023.02.18,AN,AN
1344,lunathekitsune,a6fbcfbf-b715-11ed-a273-6cfe544c0428,https://www.chess.com/game/live/71292888479,rnbqkbnr/pppppppp/8/8/8/8/PPPPPPPP/RNBQKBNR w KQkq - 0 1,rapid,900+10,03:20:48,tyzalex,lunathekitsune,1-0,03:12:12,2023.02.28,AN,AN
1356,ArthurRocket,e54b2bf2-a4b8-11ed-8eba-78ac4409ff3c,https://www.chess.com/game/live/69274061077,rnbqkbnr/pppppppp/8/8/8/8/PPPPPPPP/RNBQKBNR w KQkq - 0 1,rapid,600,18:33:23,lunathekitsune,arthurrocket,0-1,18:23:01,2023.02.04,AN,AN
1357,ArthurRocket,166578f0-aa39-11ed-880b-78ac4409ff3c,https://www.chess.com/game/live/69878786829,rnbqkbnr/pppppppp/8/8/8/8/PPPPPPPP/RNBQKBNR w KQkq - 0 1,rapid,900+10,18:33:53,imracoonie,arthurrocket,0-1,18:23:30,2023.02.11,AN,AN
1358,ArthurRocket,f68d155a-aa75-11ed-880b-78ac4409ff3c,https://www.chess.com/game/live/69904984295,rnbqkbnr/pppppppp/8/8/8/8/PPPPPPPP/RNBQKBNR w KQkq - 0 1,rapid,900+10,01:57:13,arthurrocket,cathye1,1-0,01:38:42,2023.02.12,AN,AN
1363,ArthurRocket,584a46a9-b24a-11ed-ba01-78ac4409ff3c,https://www.chess.com/game/live/70765900037,rnbqkbnr/pppppppp/8/8/8/8/PPPPPPPP/RNBQKBNR w KQkq - 0 1,rapid,900+10,01:05:19,vivianwwww20,arthurrocket,1/2-1/2,00:46:55,2023.02.22,AN,AN
1364,ArthurRocket,0d23655b-b539-11ed-91f5-78ac4409ff3c,https://www.chess.com/game/live/71088316397,rnbqkbnr/pppppppp/8/8/8/8/PPPPPPPP/RNBQKBNR w KQkq - 0 1,rapid,900+10,18:48:14,chloewang16,arthurrocket,0-1,18:20:44,2023.02.25,AN,AN
1367,vivianwwww20,c359b1aa-9f3d-11ed-ab9a-78ac4409ff3c,https://www.chess.com/game/live/68671372791,rnbqkbnr/pppppppp/8/8/8/8/PPPPPPPP/RNBQKBNR w KQkq - 0 1,rapid,600,19:12:25,jaydenlan0118,vivianwwww20,0-1,18:58:50,2023.01.28,AN,AN
1369,vivianwwww20,794276ca-a4b8-11ed-8eba-78ac4409ff3c,https://www.chess.com/game/live/69273954471,rnbqkbnr/pppppppp/8/8/8/8/PPPPPPPP/RNBQKBNR w KQkq - 0 1,rapid,900+10,18:43:21,vivianwwww20,cathye1,1-0,18:19:46,2023.02.04,AN,AN
1370,vivianwwww20,18df2b9f-aa39-11ed-880b-78ac4409ff3c,https://www.chess.com/game/live/69878789477,rnbqkbnr/pppppppp/8/8/8/8/PPPPPPPP/RNBQKBNR w KQkq - 0 1,rapid,900+10,18:35:21,vivianwwww20,lunathekitsune,1/2-1/2,18:23:03,2023.02.11,AN,AN
1371,vivianwwww20,584a46a9-b24a-11ed-ba01-78ac4409ff3c,https://www.chess.com/game/live/70765900037,rnbqkbnr/pppppppp/8/8/8/8/PPPPPPPP/RNBQKBNR w KQkq - 0 1,rapid,900+10,01:05:19,vivianwwww20,arthurrocket,1/2-1/2,00:46:55,2023.02.22,AN,AN
1372,vivianwwww20,9b94ce4f-b538-11ed-91f5-78ac4409ff3c,https://www.chess.com/game/live/71088202171,rnbqkbnr/pppppppp/8/8/8/8/PPPPPPPP/RNBQKBNR w KQkq - 0 1,rapid,900+10,18:38:29,imracoonie,vivianwwww20,0-1,18:17:07,2023.02.25,AN,AN
1374,ChloeWang16,55c21e93-a4be-11ed-8eba-78ac4409ff3c,https://www.chess.com/game/live/69276421703,rnbqkbnr/pppppppp/8/8/8/8/PPPPPPPP/RNBQKBNR w KQkq - 0 1,rapid,600,19:13:16,jaydenlan0118,chloewang16,1-0,19:01:44,2023.02.04,AN,AN
1381,ChloeWang16,ec0c8c38-aa64-11ed-880b-78ac4409ff3c,https://www.chess.com/game/live/69897747163,rnbqkbnr/pppppppp/8/8/8/8/PPPPPPPP/RNBQKBNR w KQkq - 0 1,rapid,900+10,00:14:08,cathye1,chloewang16,0-1,23:36:55,2023.02.11,AN,AN
1383,ChloeWang16,161f8c22-afb9-11ed-ba01-78ac4409ff3c,https://www.chess.com/game/live/70483525077,rnbqkbnr/pppppppp/8/8/8/8/PPPPPPPP/RNBQKBNR w KQkq - 0 1,rapid,900+10,18:37:54,lunathekitsune,chloewang16,0-1,18:22:13,2023.02.18,AN,AN
1384,ChloeWang16,0d23655b-b539-11ed-91f5-78ac4409ff3c,https://www.chess.com/game/live/71088316397,rnbqkbnr/pppppppp/8/8/8/8/PPPPPPPP/RNBQKBNR w KQkq - 0 1,rapid,900+10,18:48:14,chloewang16,arthurrocket,0-1,18:20:44,2023.02.25,AN,AN
1397,Tyzalex,df0cb4ae-9f38-11ed-ab9a-78ac4409ff3c,https://www.chess.com/game/live/68669203239,rnbqkbnr/pppppppp/8/8/8/8/PPPPPPPP/RNBQKBNR w KQkq - 0 1,rapid,900+10,18:38:32,zhichengw,tyzalex,0-1,18:23:56,2023.01.28,AN,AN
1402,Tyzalex,b141076c-a4b8-11ed-8eba-78ac4409ff3c,https://www.chess.com/game/live/69274009831,rnbqkbnr/pppppppp/8/8/8/8/PPPPPPPP/RNBQKBNR w KQkq - 0 1,rapid,900+10,18:27:16,tyzalex,haochen1123,1-0,18:21:20,2023.02.04,AN,AN
1416,Tyzalex,0b238c36-aa39-11ed-880b-78ac4409ff3c,https://www.chess.com/game/live/69878774627,rnbqkbnr/pppppppp/8/8/8/8/PPPPPPPP/RNBQKBNR w KQkq - 0 1,rapid,600,18:29:43,tyzalex,jaydenlan0118,1/2-1/2,18:22:42,2023.02.11,AN,AN
1420,Tyzalex,0a793683-b00e-11ed-ba01-78ac4409ff3c,https://www.chess.com/game/live/70519962225,rnbqkbnr/pppppppp/8/8/8/8/PPPPPPPP/RNBQKBNR w KQkq - 0 1,rapid,900+10,04:42:12,cathye1,tyzalex,1/2-1/2,04:29:53,2023.02.19,AN,AN
1422,Tyzalex,a6fbcfbf-b715-11ed-a273-6cfe544c0428,https://www.chess.com/game/live/71292888479,rnbqkbnr/pppppppp/8/8/8/8/PPPPPPPP/RNBQKBNR w KQkq - 0 1,rapid,900+10,03:20:48,tyzalex,lunathekitsune,1-0,03:12:12,2023.02.28,AN,AN
1423,ZhichengW,df0cb4ae-9f38-11ed-ab9a-78ac4409ff3c,https://www.chess.com/game/live/68669203239,rnbqkbnr/pppppppp/8/8/8/8/PPPPPPPP/RNBQKBNR w KQkq - 0 1,rapid,900+10,18:38:32,zhichengw,tyzalex,0-1,18:23:56,2023.01.28,AN,AN
1424,ZhichengW,93c76789-a4b8-11ed-8eba-78ac4409ff3c,https://www.chess.com/game/live/69273979393,rnbqkbnr/pppppppp/8/8/8/8/PPPPPPPP/RNBQKBNR w KQkq - 0 1,rapid,900+10,18:29:48,zhichengw,imracoonie,0-1,18:20:23,2023.02.04,AN,AN
1429,ZhichengW,71ba05d1-abff-11ed-880b-78ac4409ff3c,https://www.chess.com/game/live/70074111863,rnbqkbnr/pppppppp/8/8/8/8/PPPPPPPP/RNBQKBNR w KQkq - 0 1,rapid,900+10,00:41:31,zhichengw,haochen1123,1-0,00:35:19,2023.02.14,AN,AN
1434,ZhichengW,20a3490f-b0be-11ed-ba01-78ac4409ff3c,https://www.chess.com/game/live/70595580725,rnbqkbnr/pppppppp/8/8/8/8/PPPPPPPP/RNBQKBNR w KQkq - 0 1,rapid,900+10,01:58:51,zhichengw,jaydenlan0118,1-0,01:30:24,2023.02.20,AN,AN
1435,ZhichengW,04e5e6ab-b575-11ed-91f5-78ac4409ff3c,https://www.chess.com/game/live/71114042895,rnbqkbnr/pppppppp/8/8/8/8/PPPPPPPP/RNBQKBNR w KQkq - 0 1,rapid,900+10,01:52:35,cathye1,zhichengw,1/2-1/2,01:29:21,2023.02.26,AN,AN
1437,Haochen1123,b141076c-a4b8-11ed-8eba-78ac4409ff3c,https://www.chess.com/game/live/69274009831,rnbqkbnr/pppppppp/8/8/8/8/PPPPPPPP/RNBQKBNR w KQkq - 0 1,rapid,900+10,18:27:16,tyzalex,haochen1123,1-0,18:21:20,2023.02.04,AN,AN
1441,Haochen1123,71ba05d1-abff-11ed-880b-78ac4409ff3c,https://www.chess.com/game/live/70074111863,rnbqkbnr/pppppppp/8/8/8/8/PPPPPPPP/RNBQKBNR w KQkq - 0 1,rapid,900+10,00:41:31,zhichengw,haochen1123,1-0,00:35:19,2023.02.14,AN,AN
1446,Haochen1123,10f18e48-afb9-11ed-ba01-78ac4409ff3c,https://www.chess.com/game/live/70483519805,rnbqkbnr/pppppppp/8/8/8/8/PPPPPPPP/RNBQKBNR w KQkq - 0 1,rapid,900+10,18:27:06,haochen1123,imracoonie,0-1,18:21:37,2023.02.18,AN,AN
1451,Haochen1123,9b1e9aa5-b53d-11ed-91f5-78ac4409ff3c,https://www.chess.com/game/live/71090204021,rnbqkbnr/pppppppp/8/8/8/8/PPPPPPPP/RNBQKBNR w KQkq - 0 1,rapid,900+10,18:58:31,haochen1123,jaydenlan0118,0-1,18:53:09,2023.02.25,AN,AN
1453,jaydenlan0118,c359b1aa-9f3d-11ed-ab9a-78ac4409ff3c,https://www.chess.com/game/live/68671372791,rnbqkbnr/pppppppp/8/8/8/8/PPPPPPPP/RNBQKBNR w KQkq - 0 1,rapid,600,19:12:25,jaydenlan0118,vivianwwww20,0-1,18:58:50,2023.01.28,AN,AN
1455,jaydenlan0118,55c21e93-a4be-11ed-8eba-78ac4409ff3c,https://www.chess.com/game/live/69276421703,rnbqkbnr/pppppppp/8/8/8/8/PPPPPPPP/RNBQKBNR w KQkq - 0 1,rapid,600,19:13:16,jaydenlan0118,chloewang16,1-0,19:01:44,2023.02.04,AN,AN
1456,jaydenlan0118,0b238c36-aa39-11ed-880b-78ac4409ff3c,https://www.chess.com/game/live/69878774627,rnbqkbnr/pppppppp/8/8/8/8/PPPPPPPP/RNBQKBNR w KQkq - 0 1,rapid,600,18:29:43,tyzalex,jaydenlan0118,1/2-1/2,18:22:42,2023.02.11,AN,AN
1458,jaydenlan0118,20a3490f-b0be-11ed-ba01-78ac4409ff3c,https://www.chess.com/game/live/70595580725,rnbqkbnr/pppppppp/8/8/8/8/PPPPPPPP/RNBQKBNR w KQkq - 0 1,rapid,900+10,01:58:51,zhichengw,jaydenlan0118,1-0,01:30:24,2023.02.20,AN,AN
1459,jaydenlan0118,9b1e9aa5-b53d-11ed-91f5-78ac4409ff3c,https://www.chess.com/game/live/71090204021,rnbqkbnr/pppppppp/8/8/8/8/PPPPPPPP/RNBQKBNR w KQkq - 0 1,rapid,900+10,18:58:31,haochen1123,jaydenlan0118,0-1,18:53:09,2023.02.25,AN,AN
1460,ImRacoonie,1f91e306-9f39-11ed-ab9a-78ac4409ff3c,https://www.chess.com/game/live/68669510989,rnbqkbnr/pppppppp/8/8/8/8/PPPPPPPP/RNBQKBNR w KQkq - 0 1,rapid,900+10,18:48:55,imracoonie,lunathekitsune,1-0,18:25:44,2023.01.28,AN,AN
1461,ImRacoonie,93c76789-a4b8-11ed-8eba-78ac4409ff3c,https://www.chess.com/game/live/69273979393,rnbqkbnr/pppppppp/8/8/8/8/PPPPPPPP/RNBQKBNR w KQkq - 0 1,rapid,900+10,18:29:48,zhichengw,imracoonie,0-1,18:20:23,2023.02.04,AN,AN
1463,ImRacoonie,166578f0-aa39-11ed-880b-78ac4409ff3c,https://www.chess.com/game/live/69878786829,rnbqkbnr/pppppppp/8/8/8/8/PPPPPPPP/RNBQKBNR w KQkq - 0 1,rapid,900+10,18:33:53,imracoonie,arthurrocket,0-1,18:23:30,2023.02.11,AN,AN
1464,ImRacoonie,10f18e48-afb9-11ed-ba01-78ac4409ff3c,https://www.chess.com/game/live/70483519805,rnbqkbnr/pppppppp/8/8/8/8/PPPPPPPP/RNBQKBNR w KQkq - 0 1,rapid,900+10,18:27:06,haochen1123,imracoonie,0-1,18:21:37,2023.02.18,AN,AN
1467,ImRacoonie,9b94ce4f-b538-11ed-91f5-78ac4409ff3c,https://www.chess.com/game/live/71088202171,rnbqkbnr/pppppppp/8/8/8/8/PPPPPPPP/RNBQKBNR w KQkq - 0 1,rapid,900+10,18:38:29,imracoonie,vivianwwww20,0-1,18:17:07,2023.02.25,AN,AN
